{
    "nombre": {
        "name": "Bwm", 
        "ciudad": "Argentina"
    }, 
    "motor": {
        "cilindrada": "950", 
        "transmission": "Automatica", 
        "combustible": "Gasolina"
    }, 
    "descripcion": "Motocicleta deportiva de mas alta velocidad.",  
    "id": "bmw", 
    "images": [
        "img/motos/R nineT.jpg",
        "img/motos/R nineT1.jpg",
        "img/motos/R nineT2.jpg",
        "img/motos/R nineT3.jpg"
    ], 
    "name": "Bmw", 
    "sizeAndWeight": {
        "dimensions": [
            "1.5 mm (w)", 
            "8.8 mm (h)", 
            "0.9 mm (l)"
        ], 
        "weight": "50.0 Kg"
    }, 
    "capacidad": {
        "volume": "11.5L"
    }
}
