{
    "nombre": {
        "name": "Boxer", 
        "ciudad": "India"
    }, 
    "motor": {
        "cilindrada": "150", 
        "transmission": "Manual", 
        "combustible": "Gasolina"
    }, 
    "descripcion": "Motocicleta potente para llevar cargas pesadas.",  
    "id": "boxer", 
    "images": [
        "img/motos/boxer-150.jpg",
        "img/motos/boxer-1501.jpg",
        "img/motos/boxer-1502.jpg",
        "img/motos/boxer-1503.jpg"
    ], 
    "name": "Boxer", 
    "sizeAndWeight": {
        "dimensions": [
            "18.5 mm (w)", 
            "11.8 mm (h)", 
            "98.9 mm (l)"
        ], 
        "weight": "100.0 Kg"
    }, 
    "capacidad": {
        "volume": "13.5L"
    }
}
