{
    "nombre": {
        "name": "Honda", 
        "ciudad": "Argentina"
    }, 
    "motor": {
        "cilindrada": "550", 
        "transmission": "Manual", 
        "combustible": "Gas"
    }, 
    "descripcion": "Motocicleta deportiva de alta velocidad.",  
    "id": "Honda", 
    "images": [
        "img/motos/Honda CB 190.jpg",
        "img/motos/Honda CB 1901.jpg",
       "img/motos/Honda CB 1902.jpg",
        "img/motos/Honda CB 1903.jpg"
    ], 
    "name": "Honda", 
    "sizeAndWeight": {
        "dimensions": [
            "15.5 mm (w)", 
            "18.8 mm (h)", 
            "10.9 mm (l)"
        ], 
        "weight": "50.0 Kg"
    }, 
    "capacidad": {
        "volume": "21.5L"
    }
}
