[

    {
        "model": 2018, 
        "id": "boxer", 
        "imageUrl": "img/motos/boxer-150.jpg", 
        "name": "Boxer", 
        "snippet": "Moto de poderosa potencia para llevar carga pesada"
    },
    {
        "model": 2035, 
        "id": "honda", 
        "imageUrl": "img/motos/Honda CB 190.jpg", 
        "name": "Honda CB", 
        "snippet": "deportiva y eficiente."
    },
    {
        "model": 3000, 
        "id": "bmw", 
        "imageUrl": "img/motos/R nineT.jpg", 
        "name": "bmw", 
        "snippet": "Moto de alta velocidad."
    }
]
